lat,lon,alt,date,city,country
41.0445556641,29.0064220428,36.2881469727,2016-04-03 14:13:20,Beşiktaş,Turkey
41.0122871399,28.9390449524,51.311214447,2016-04-07 12:05:20,Fatih,Turkey
41.0445327759,29.0065097809,39.2145385742,2016-04-07 21:09:20,Beşiktaş,Turkey
41.0093460083,28.9650058746,47.4478569031,2016-04-08 15:04:32,Fatih,Turkey
40.9889335632,28.8522644043,48.9738769531,2016-04-08 16:00:00,Bakırköy,Turkey
41.0080909729,28.9747314453,50.0,2016-04-08 17:04:00,Fatih,Turkey
41.0445861816,29.0064125061,41.348110199,2016-04-08 21:45:36,Beşiktaş,Turkey
41.0073051453,28.9772109985,40.7602043152,2016-04-09 08:12:48,Fatih,Turkey
41.0465126038,29.0218887329,53.8695411682,2016-04-11 10:37:52,Beşiktaş,Turkey
41.0117912292,28.9835338593,46.6359710693,2016-04-13 07:21:36,Fatih,Turkey
41.0242118835,28.9597911835,18.8237056732,2016-04-13 14:13:20,Fatih,Turkey
41.0445480347,29.0064296722,47.5365333557,2016-04-13 15:53:36,Beşiktaş,Turkey
40.8807907104,29.0988063812,24.2873249054,2016-04-14 08:36:16,Adalar,Turkey
40.8757133484,29.126537323,24.2873249054,2016-04-14 08:49:04,Adalar,Turkey
40.8385391235,29.1149692535,19.0,2016-04-14 09:57:20,Adalar,Turkey
40.8722038269,29.1334896088,19.0,2016-04-14 10:40:00,Adalar,Turkey
40.9846076965,29.0213069916,-5.59161376953,2016-04-14 13:54:08,Kadıköy,Turkey
41.0416183472,29.0101776123,54.0,2016-04-15 22:38:56,Beşiktaş,Turkey
41.0126991272,28.960565567,55.0309638977,2016-04-17 10:42:08,Fatih,Turkey
41.0470085144,29.0222358704,50.4512634277,2016-04-17 14:02:40,Beşiktaş,Turkey
41.020866394,28.959602356,45.3401527405,2016-04-18 06:36:48,Fatih,Turkey
41.0446128845,29.0065879822,9.71905517578,2016-04-18 09:46:40,Beşiktaş,Turkey
41.0410842896,28.9866886139,94.6833496094,2016-04-18 10:50:40,Şişli,Turkey
41.0372962952,29.0438156128,13.7508592606,2016-04-20 10:03:44,Üsküdar,Turkey
41.0220108032,29.0163383484,53.3593139648,2016-04-20 14:45:20,Üsküdar,Turkey
41.0445747375,29.0064239502,37.8090286255,2016-04-20 15:42:56,Beşiktaş,Turkey
40.9788208008,28.8183498383,24.3692703247,2016-04-21 11:05:36,Bakırköy,Turkey
41.0154190063,28.9795436859,45.474193573,2016-04-21 12:28:48,Fatih,Turkey
41.0444335938,29.0065441132,42.9263305664,2016-04-23 15:19:28,Beşiktaş,Turkey
41.0251693726,28.9587898254,47.9069404602,2016-04-25 06:49:36,Fatih,Turkey
41.0433311462,29.0065746307,34.3665161133,2016-05-02 20:35:12,Beşiktaş,Turkey
41.0184898376,28.9675712585,49.0,2016-05-04 14:41:04,Fatih,Turkey
41.0445861816,29.0064296722,38.1079711914,2016-05-05 01:25:20,Beşiktaş,Turkey
41.019618988,28.9731330872,52.7651824951,2016-05-06 10:57:04,Beyoğlu,Turkey
41.0532913208,28.9335651398,72.8460693359,2016-05-06 12:58:40,Eyüp,Turkey
41.0194778442,28.9688777924,55.7198104858,2016-05-06 16:12:48,Fatih,Turkey
41.0445556641,29.0064544678,30.3673095703,2016-05-07 16:12:48,Beşiktaş,Turkey
41.0238876343,28.9971103668,33.1127853394,2016-05-07 17:06:08,Beyoğlu,Turkey
40.9903068542,29.0281677246,22.6692676544,2016-05-07 17:31:44,Kadıköy,Turkey
41.0445137024,29.0064964294,36.2405090332,2016-05-08 07:17:20,Beşiktaş,Turkey
41.0067214966,28.9780464172,49.1447067261,2016-05-09 06:09:04,Fatih,Turkey
41.0430793762,29.0066108704,42.1977767944,2016-04-15 18:52:48,Beşiktaş,Turkey
41.0210456848,28.9597473145,49.0,2016-05-10 12:01:04,Fatih,Turkey
41.0445556641,29.006401062,32.7740478516,2016-05-10 21:20:00,Beşiktaş,Turkey
41.0183639526,28.9739360809,34.5817718506,2016-05-17 15:08:48,Fatih,Turkey
41.0444450378,29.0063743591,34.9739685059,2016-05-17 15:36:32,Beşiktaş,Turkey
41.0241203308,28.9598026276,19.4032154083,2016-05-18 11:09:52,Fatih,Turkey
41.0444831848,29.0063781738,36.7142562866,2016-05-18 15:23:44,Beşiktaş,Turkey
41.0211486816,28.9268760681,56.0,2016-05-23 08:00:00,Fatih,Turkey
41.044467926,29.0063762665,33.5584907532,2016-05-23 15:00:16,Beşiktaş,Turkey
41.0284614563,28.957326889,27.4933319092,2016-05-30 09:14:40,Fatih,Turkey
41.0117225647,28.9674987793,49.0,2016-05-30 11:41:52,Fatih,Turkey
41.0479316711,29.0264797211,53.3505630493,2016-05-30 13:45:36,Beşiktaş,Turkey
41.0342941284,28.9795856476,46.9582595825,2016-05-31 11:46:08,Beyoğlu,Turkey
41.044506073,29.0063972473,33.8079528809,2016-05-31 13:58:24,Beşiktaş,Turkey
41.0126686096,28.99634552,33.388217926,2016-06-01 04:18:08,Fatih,Turkey
40.9784202576,28.8184108734,24.0017757416,2016-06-01 04:37:20,Bakırköy,Turkey
49.0244750977,2.55228018761,0.0,2016-06-01 11:44:00,Épiais-lès-Louvres,France
48.9926071167,2.52285432816,110.351654053,2016-06-01 14:15:28,Roissy-en-France,France
48.978679657,2.55878567696,110.351654053,2016-06-01 14:38:56,Tremblay-en-France,France
49.2384262085,3.0133934021,110.351654053,2016-06-01 15:23:44,Vauciennes,France
49.2512550354,3.07990384102,110.351654053,2016-06-01 15:30:08,Villers-Cotterêts,France
49.270816803,3.01009321213,110.351654053,2016-06-01 15:51:28,Vez,France
49.2611160278,3.04348254204,122.677268982,2016-06-01 16:46:56,Largny-sur-Automne,France
48.84141922,2.65518736839,122.492607117,2016-06-01 18:31:28,Torcy,France
49.1277084351,2.83282470703,103.0,2016-06-01 21:43:28,Nanteuil-le-Haudouin,France
49.2610969543,3.04285025597,123.0,2016-06-02 07:28:00,Largny-sur-Automne,France
49.3923072815,3.33949065208,43.044593811,2016-06-02 08:29:52,Soissons,France
49.2647514343,3.1004357338,43.0,2016-06-02 09:59:28,Villers-Cotterêts,France
49.269203186,2.99754452705,119.642250061,2016-06-03 08:34:08,Bonneuil-en-Valois,France
49.2539291382,3.09036540985,130.755844116,2016-06-03 14:15:28,Villers-Cotterêts,France
49.3160057068,2.77417993546,40.2431297302,2016-06-04 12:33:04,Saint-Sauveur,France
49.2442512512,3.14231753349,131.0,2016-06-05 10:40:00,Dampleux,France
49.3182678223,2.77427768707,42.1347198486,2016-06-05 16:34:08,Saint-Sauveur,France
49.2611808777,3.04336762428,127.111450195,2016-06-06 07:30:08,Largny-sur-Automne,France
49.2412719727,3.03354668617,119.0,2016-06-06 13:11:28,Coyolles,France
49.3253631592,3.02828454971,120.226272583,2016-06-06 13:54:08,Retheuil,France
49.2415008545,3.03367066383,119.000923157,2016-06-06 16:25:36,Coyolles,France
49.2611160278,3.04349088669,119.000053406,2016-06-06 16:42:40,Largny-sur-Automne,France
49.2594795227,3.01780056953,119.000053406,2016-06-06 17:25:20,Vez,France
49.2611045837,3.0434243679,119.000038147,2016-06-06 18:31:28,Largny-sur-Automne,France
49.2455062866,3.03566646576,119.000007629,2016-06-06 20:13:52,Largny-sur-Automne,France
49.2612190247,3.0435423851,119.0,2016-06-06 20:20:16,Largny-sur-Automne,France
49.2854270935,2.9768846035,119.231468201,2016-06-07 09:44:32,Bonneuil-en-Valois,France
49.2611885071,3.0434513092,119.012908936,2016-06-07 09:55:12,Largny-sur-Automne,France
49.2423591614,3.03183436394,119.005065918,2016-06-07 11:03:28,Vauciennes,France
49.2608985901,3.04353237152,119.002693176,2016-06-07 11:22:40,Largny-sur-Automne,France
49.0137939453,2.67352294922,120.482254028,2016-06-07 12:52:16,Thieux,France
48.9500350952,2.66533470154,61.0,2016-06-07 13:11:28,Claye-Souilly,France
49.2328567505,2.97806882858,60.8614425659,2016-06-07 14:41:04,Vaumoise,France
49.2560043335,3.08035302162,122.484046936,2016-06-07 15:10:56,Villers-Cotterêts,France
49.2611236572,3.04345965385,121.280967712,2016-06-07 15:45:04,Largny-sur-Automne,France
49.2421112061,3.03170681,119.051689148,2016-06-07 18:18:40,Vauciennes,France
49.2610969543,3.04343104362,128.143829346,2016-06-07 18:33:36,Largny-sur-Automne,France
49.2443466187,3.03510403633,120.069984436,2016-06-07 19:22:40,Largny-sur-Automne,France
49.2731208801,2.99096298218,119.827171326,2016-06-07 19:33:20,Bonneuil-en-Valois,France
49.2611236572,3.04345798492,119.67326355,2016-06-07 20:37:20,Largny-sur-Automne,France
49.2854309082,2.9767935276,126.415985107,2016-06-07 21:22:08,Bonneuil-en-Valois,France
49.2611465454,3.04340386391,125.199256897,2016-06-07 21:52:00,Largny-sur-Automne,France
49.2719802856,3.00035905838,119.805801392,2016-06-08 11:41:52,Bonneuil-en-Valois,France
49.2611351013,3.04340386391,119.456764221,2016-06-08 11:56:48,Largny-sur-Automne,France
49.2416801453,3.03339672089,119.052513123,2016-06-08 12:07:28,Vauciennes,France
49.2726478577,2.99771118164,119.008674622,2016-06-08 12:24:32,Bonneuil-en-Valois,France
49.2611312866,3.04342031479,119.000289917,2016-06-08 13:20:00,Largny-sur-Automne,France
49.2462730408,2.98415517807,119.000228882,2016-06-08 13:49:52,Vaumoise,France
49.247177124,3.06131839752,119.000228882,2016-06-08 13:58:24,Villers-Cotterêts,France
49.2702674866,3.00517654419,119.000228882,2016-06-08 14:06:56,Vez,France
49.2413787842,3.03360557556,119.000160217,2016-06-08 14:17:36,Coyolles,France
49.2676963806,3.00231337547,119.000061035,2016-06-08 14:34:40,Vez,France
49.2611923218,3.04317164421,119.000015259,2016-06-08 16:38:24,Largny-sur-Automne,France
49.2429084778,3.0320584774,122.12122345,2016-06-08 20:54:24,Vauciennes,France
49.2731361389,2.99577379227,122.923835754,2016-06-08 21:05:04,Bonneuil-en-Valois,France
49.2611541748,3.04351258278,122.945831299,2016-06-09 07:04:32,Largny-sur-Automne,France
49.2844161987,2.97508120537,129.052658081,2016-06-09 07:19:28,Bonneuil-en-Valois,France
49.2610435486,3.04354405403,127.570449829,2016-06-09 07:25:52,Largny-sur-Automne,France
49.27293396,3.22149944305,120.576194763,2016-06-09 09:55:12,Longpont,France
49.2252197266,3.34751152992,94.0043334961,2016-06-09 10:03:44,Oulchy-la-ville,France
49.1570014954,3.30917358398,121.618804932,2016-06-09 10:18:40,Latilly,France
49.2627372742,3.01361680031,122.999984741,2016-06-09 13:58:24,Vez,France
49.2611312866,3.04343676567,123.0,2016-06-09 15:34:24,Largny-sur-Automne,France
49.2417411804,3.03378820419,123.0,2016-06-09 15:42:56,Vauciennes,France
49.2607078552,3.043364048,122.914772034,2016-06-09 15:47:12,Largny-sur-Automne,France
49.2730560303,2.99603819847,123.0,2016-06-09 17:46:40,Bonneuil-en-Valois,France
49.2425689697,3.03107881546,123.0,2016-06-09 18:05:52,Vauciennes,France
49.2607955933,3.04354166985,121.535858154,2016-06-09 18:31:28,Largny-sur-Automne,France
49.2620735168,2.99273848534,122.648124695,2016-06-09 18:54:56,Vez,France
49.2611312866,3.04341840744,122.137161255,2016-06-09 19:03:28,Largny-sur-Automne,France
49.2731132507,2.99587392807,120.369865417,2016-06-09 20:22:24,Bonneuil-en-Valois,France
49.2612113953,3.04354166985,127.185195923,2016-06-09 21:15:44,Largny-sur-Automne,France
49.2414360046,3.03282117844,126.361312866,2016-06-10 07:40:48,Vauciennes,France
49.2611160278,3.04348754883,119.000228882,2016-06-04 06:19:44,Largny-sur-Automne,France
49.2496070862,3.09083914757,121.471580505,2016-06-10 08:02:08,Villers-Cotterêts,France
49.2607765198,3.04320693016,125.00528717,2016-06-10 08:44:48,Largny-sur-Automne,France
49.2737998962,3.06218028069,121.59211731,2016-06-10 09:08:16,Haramont,France
49.310459137,3.04349637032,115.080627441,2016-06-10 09:14:40,Taillefontaine,France
49.3619422913,2.92284107208,114.482940674,2016-06-10 09:27:28,Saint-Jean-aux-Bois,France
49.4363861084,2.87317538261,114.482940674,2016-06-10 09:33:52,Choisy-au-Bac,France
49.5109901428,2.76664185524,114.482940674,2016-06-10 09:59:28,Marquéglise,France
49.8356285095,2.80678701401,114.482940674,2016-06-10 10:12:16,Ablaincourt-Pressoir,France
49.9855613708,2.87216234207,114.482940674,2016-06-10 10:18:40,Maurepas,France
50.3213157654,2.89932656288,114.482940674,2016-06-10 10:33:36,Gavrelle,France
50.5356712341,3.04954242706,114.482940674,2016-06-10 10:46:24,Seclin,France
50.6301498413,3.03506326675,23.0,2016-06-10 13:02:56,Lille,France
50.6160812378,3.27203130722,26.1367111206,2016-06-10 13:24:16,Tournai,Belgium
50.7942199707,4.36525249481,92.5774459839,2016-06-10 15:45:04,Uccle,Belgium
50.8110771179,4.29036283493,55.2253341675,2016-06-14 14:47:28,Anderlecht,Belgium
50.7882156372,4.31452131271,49.7123451233,2016-06-14 16:23:28,Drogenbos,Belgium
50.7870941162,4.36123180389,57.0504074097,2016-06-14 16:36:16,Uccle,Belgium
50.8068771362,4.33916902542,92.9999694824,2016-06-15 10:33:36,Uccle,Belgium
50.7923088074,4.33128643036,49.5105476379,2016-06-12 14:21:52,Uccle,Belgium
50.7942733765,4.3655090332,93.0,2016-06-16 09:36:00,Uccle,Belgium
50.7838439941,4.31299448013,51.0,2016-06-16 13:20:00,Drogenbos,Belgium
50.5564460754,4.2651348114,51.0,2016-06-16 13:34:56,Seneffe,Belgium
50.4906578064,4.08425807953,51.0,2016-06-16 13:41:20,Le Roeulx,Belgium
50.4530792236,3.70987582207,51.0,2016-06-16 13:56:16,Hensies,Belgium
50.4092216492,3.65851616859,51.0,2016-06-16 14:00:32,Crespin,France
50.2391853333,3.24971103668,51.0,2016-06-16 14:30:24,Bantigny,France
49.7858963013,2.79950642586,51.0,2016-06-16 14:51:44,Hallu,France
49.7578163147,2.79657030106,83.8721313477,2016-06-16 15:51:28,Hattencourt,France
49.2760925293,3.05958199501,131.0,2016-06-16 16:02:08,Haramont,France
49.2402076721,3.02961206436,126.830970764,2016-06-16 20:18:08,Vauciennes,France
49.2612075806,3.04354047775,122.726669312,2016-06-16 20:28:48,Largny-sur-Automne,France
49.2774581909,2.98468232155,120.000434875,2016-06-16 22:06:56,Bonneuil-en-Valois,France
49.2611618042,3.04333853722,120.000198364,2016-06-16 22:19:44,Largny-sur-Automne,France
49.24659729,3.02056360245,120.000198364,2016-06-16 22:28:16,Vez,France
49.2611198425,3.04345965385,120.000083923,2016-06-16 22:36:48,Largny-sur-Automne,France
49.2818412781,2.97881007195,120.0,2016-06-16 23:17:20,Bonneuil-en-Valois,France
49.2612037659,3.04354143143,123.0,2016-06-16 23:30:08,Largny-sur-Automne,France
49.2902603149,2.96593332291,119.798339844,2016-06-17 05:41:20,Bonneuil-en-Valois,France
49.2507324219,3.09392237663,129.201004028,2016-06-17 07:57:52,Villers-Cotterêts,France
49.276058197,2.9906733036,120.003555298,2016-06-17 09:18:56,Bonneuil-en-Valois,France
49.246711731,3.02044248581,120.002288818,2016-06-17 09:27:28,Vez,France
49.2825317383,2.92676353455,120.00151825,2016-06-17 09:42:24,Fresnoy-la-Rivière,France
49.2612075806,3.04354000092,120.00012207,2016-06-17 09:53:04,Largny-sur-Automne,France
49.2753181458,2.99328804016,120.000038147,2016-06-17 10:03:44,Bonneuil-en-Valois,France
49.2611961365,3.0435321331,120.000007629,2016-06-17 10:10:08,Largny-sur-Automne,France
49.2730064392,3.00145435333,120.000007629,2016-06-17 10:18:40,Bonneuil-en-Valois,France
49.2611579895,3.04332995415,120.000007629,2016-06-17 10:25:04,Largny-sur-Automne,France
49.2455329895,3.03073811531,120.000007629,2016-06-17 10:31:28,Largny-sur-Automne,France
49.261089325,3.04345059395,120.000007629,2016-06-17 11:07:44,Largny-sur-Automne,France
49.2668228149,3.01177954674,120.000007629,2016-06-17 11:39:44,Vez,France
49.2401771545,3.02797937393,120.000007629,2016-06-17 12:05:20,Vauciennes,France
49.271068573,2.99191188812,120.000007629,2016-06-17 12:20:16,Bonneuil-en-Valois,France
49.2611579895,3.04332995415,120.000007629,2016-06-17 10:25:04,Largny-sur-Automne,France
49.2402801514,3.0297062397,120.000007629,2016-06-17 12:35:12,Vauciennes,France
49.2610626221,3.04298520088,120.000007629,2016-06-17 13:15:44,Largny-sur-Automne,France
49.2760887146,2.99056720734,120.000007629,2016-06-17 13:24:16,Bonneuil-en-Valois,France
49.2551231384,3.01053333282,120.000007629,2016-06-17 14:11:12,Vez,France
49.261138916,3.04327869415,120.000007629,2016-06-17 14:17:36,Largny-sur-Automne,France
49.2746505737,2.99562716484,120.000007629,2016-06-17 14:28:16,Bonneuil-en-Valois,France
49.2648506165,3.05998396873,120.000007629,2016-06-17 14:36:48,Largny-sur-Automne,France
49.2406272888,3.02975416183,138.03024292,2016-06-17 15:04:32,Vauciennes,France
49.2608833313,3.04355716705,125.820068359,2016-06-17 15:08:48,Largny-sur-Automne,France
49.2726707458,3.00265002251,125.20500946,2016-06-17 15:57:52,Bonneuil-en-Valois,France
49.2609939575,3.04348659515,121.639083862,2016-06-17 16:10:40,Largny-sur-Automne,France
49.2769584656,2.98749351501,121.305084229,2016-06-17 16:40:32,Bonneuil-en-Valois,France
49.2557830811,3.07946157455,128.014953613,2016-06-17 16:55:28,Villers-Cotterêts,France
49.276260376,2.98996114731,120.0,2016-06-17 21:32:48,Bonneuil-en-Valois,France
49.2612113953,3.04353833199,120.0,2016-06-17 22:11:12,Largny-sur-Automne,France
49.2700271606,2.99330329895,120.0,2016-06-17 22:24:00,Bonneuil-en-Valois,France
49.2612228394,3.04309248924,123.0,2016-06-18 05:09:20,Largny-sur-Automne,France
49.0394973755,2.685765028,122.375198364,2016-06-18 06:26:08,Saint-Mard,France
48.8429412842,2.58154463768,89.5077133179,2016-06-18 07:00:16,Champs-sur-Marne,France
48.8411140442,2.32018470764,49.9648971558,2016-06-18 07:57:52,Paris,France
48.6212081909,2.10717701912,49.7937507629,2016-06-18 08:55:28,Forges-les-Bains,France
48.5464401245,1.93464100361,49.7937507629,2016-06-18 09:06:08,Sainte-Mesme,France
48.1094322205,1.25101280212,171.772613525,2016-06-18 09:23:12,Lanneray,France
47.4140930176,0.819501638412,171.772613525,2016-06-18 09:38:08,Vouvray,France
47.3878479004,0.723652124405,23.7807617188,2016-06-18 09:48:48,Saint-Pierre-des-Corps,France
46.6729431152,0.364298254251,52.0056419373,2016-06-18 10:25:04,Jaunay-Clan,France
46.5346641541,0.330810010433,52.0056419373,2016-06-18 10:37:52,Ligugé,France
46.4300918579,0.269596666098,52.0056419373,2016-06-18 10:44:16,Vivonne,France
46.1360473633,0.195490121841,52.0056419373,2016-06-18 10:54:56,Limalonges,France
46.0997962952,0.217688083649,55.7320709229,2016-06-18 10:54:56,Voulême,France
46.2085494995,0.210013136268,52.0056419373,2016-06-18 10:54:56,Chaunay,France
46.1360473633,0.195490121841,52.0056419373,2016-06-18 10:54:56,Limalonges,France
46.0997962952,0.217688083649,55.7320709229,2016-06-18 10:54:56,Voulême,France
45.6460609436,0.142033025622,113.3465271,2016-06-18 11:31:12,Angoulême,France
45.5848617554,0.153026551008,44.3775634766,2016-06-18 11:39:44,Vœuil-et-Giget,France
45.1391448975,-0.0245185922831,0.0,2016-06-18 11:56:48,La Roche-Chalais,France
44.9439353943,-0.208486363292,0.0,2016-06-18 12:13:52,Lalande-de-Pomerol,France
44.8917922974,-0.541368663311,0.0,2016-06-18 12:28:48,Bordeaux,France
44.7757568359,-0.557134628296,11.7616577148,2016-06-18 14:13:20,Villenave-d'Ornon,France
44.7060317993,-0.508998036385,12.9317016602,2016-06-18 14:17:36,Saint-Médard-d'Eyrans,France
44.6819114685,-0.524866759777,16.3932495117,2016-06-18 15:17:20,La Brède,France
44.7233924866,-0.60206001997,29.1083374023,2016-06-18 16:06:24,Léognan,France
44.6846237183,-0.520974695683,-3.37174367905,2016-06-19 00:53:20,La Brède,France
44.7426872253,-0.602759897709,39.6261138916,2016-06-19 12:22:24,Léognan,France
44.7258834839,-0.602858245373,39.9595108032,2016-06-19 12:37:20,Léognan,France
44.7619895935,-0.595184147358,39.9595108032,2016-06-19 12:45:52,Gradignan,France
44.723361969,-0.600747406483,39.9999809265,2016-06-19 13:11:28,Léognan,France
44.8260154724,-0.554598152637,19.5130615234,2016-06-19 14:38:56,Bordeaux,France
44.8355369568,-0.568032443523,13.5278177261,2016-06-19 16:06:24,Bordeaux,France
44.8261947632,-0.555854558945,10.9703073502,2016-06-19 17:10:24,Bordeaux,France
44.9280967712,-0.483895748854,10.9859266281,2016-06-19 17:31:44,Ambarès-et-Lagrave,France
44.9837684631,-0.230762302876,7.0541343689,2016-06-19 17:46:40,Saint-Denis-de-Pile,France
45.1023254395,-0.0379580594599,7.0541343689,2016-06-19 17:50:56,Les Églisottes-et-Chalaures,France
45.2390632629,0.0472234115005,7.0541343689,2016-06-19 17:59:28,Bazac,France
45.6417579651,0.13537016511,42.0645751953,2016-06-19 18:18:40,Angoulême,France
46.2481765747,0.229052335024,24.7794799805,2016-06-19 18:54:56,Brux,France
46.7887153625,0.53631734848,24.7794799805,2016-06-19 19:20:32,Châtellerault,France
47.0531044006,0.564709842205,179.19670105,2016-06-19 19:33:20,Nouâtre,France
47.1914825439,0.621239483356,179.19670105,2016-06-19 19:39:44,Villeperdue,France
47.4123802185,0.821935355663,46.6956176758,2016-06-19 19:48:16,Vouvray,France
47.2771949768,0.690898776054,179.19670105,2016-06-19 19:48:16,Montbazon,France
47.4123802185,0.821935355663,46.6956176758,2016-06-19 19:48:16,Vouvray,France
47.8262863159,1.0552148819,60.8556518555,2016-06-19 20:03:12,Vendôme,France
48.0550270081,1.11031138897,60.8556518555,2016-06-19 20:11:44,Saint-Pellerin,France
48.244934082,1.50067210197,60.8556518555,2016-06-19 20:18:08,Le Gault-Saint-Denis,France
48.4468803406,1.78643465042,60.8556518555,2016-06-19 20:26:40,Aunay-sous-Auneau,France
48.6816864014,2.22999095917,60.8556518555,2016-06-19 20:39:28,Villejust,France
48.839138031,2.31754040718,71.0327453613,2016-06-19 20:56:32,Paris,France
48.8405647278,2.52315330505,71.0327453613,2016-06-19 22:15:28,Bry-sur-Marne,France
48.9826660156,2.60569882393,71.0327453613,2016-06-19 22:47:28,Mitry-Mory,France
49.2333145142,3.00014853477,71.0327453613,2016-06-19 22:58:08,Vaumoise,France
49.2632255554,2.99115300179,71.0327453613,2016-06-19 23:08:48,Bonneuil-en-Valois,France
49.2610816956,3.0435128212,128.904205322,2016-06-19 23:17:20,Largny-sur-Automne,France
49.2418937683,3.02658605576,128.904205322,2016-06-19 23:19:28,Vauciennes,France
49.2610740662,3.04357862473,138.598480225,2016-06-19 23:19:28,Largny-sur-Automne,France
49.2418937683,3.02658605576,128.904205322,2016-06-19 23:19:28,Vauciennes,France
49.2612686157,3.04355931282,122.047363281,2016-06-20 08:12:48,Largny-sur-Automne,France
49.2433319092,3.03152132034,120.110847473,2016-06-20 09:23:12,Vauciennes,France
49.2607955933,3.04274463654,127.629394531,2016-06-20 09:42:24,Largny-sur-Automne,France
49.2756271362,2.98820471764,120.23184967,2016-06-20 13:20:00,Bonneuil-en-Valois,France
49.2611923218,3.04326295853,129.012542725,2016-06-20 13:24:16,Largny-sur-Automne,France
49.2890014648,2.96650862694,125.385574341,2016-06-20 13:39:12,Bonneuil-en-Valois,France
49.2612075806,3.0435385704,122.75088501,2016-06-20 13:45:36,Largny-sur-Automne,France
49.2808914185,2.9889857769,122.75088501,2016-06-20 13:52:00,Bonneuil-en-Valois,France
49.2611541748,3.04334998131,122.75176239,2016-06-20 17:38:08,Largny-sur-Automne,France
49.2752418518,2.99265837669,121.95160675,2016-06-20 18:48:32,Bonneuil-en-Valois,France
49.2611808777,3.04324269295,120.868057251,2016-06-20 19:29:04,Largny-sur-Automne,France
49.2744102478,2.99564599991,126.365089417,2016-06-20 20:09:36,Bonneuil-en-Valois,France
49.2620315552,3.04018974304,123.68888855,2016-06-20 20:52:16,Largny-sur-Automne,France
49.2503585815,3.01002502441,122.530921936,2016-06-20 21:22:08,Vez,France
49.2611045837,3.04344058037,127.592987061,2016-06-20 21:26:24,Largny-sur-Automne,France
49.2893333435,2.96559023857,125.43170929,2016-06-20 22:47:28,Bonneuil-en-Valois,France
49.2575683594,3.04751515388,128.249725342,2016-06-21 06:15:28,Largny-sur-Automne,France
49.1472816467,2.80937695503,106.582977295,2016-06-21 06:36:48,Nanteuil-le-Haudouin,France
48.986541748,2.60766649246,94.7431945801,2016-06-21 07:02:24,Mitry-Mory,France
48.9535217285,2.47361040115,49.2544822693,2016-06-21 07:10:56,Aulnay-sous-Bois,France
48.9061317444,2.47151613235,65.2958068848,2016-06-21 07:17:20,Bondy,France
48.8745994568,2.41058421135,116.502593994,2016-06-21 09:23:12,Paris,France
48.8839607239,2.46034741402,83.1995544434,2016-06-21 09:27:28,Noisy-le-Sec,France
48.9718513489,2.4854824543,70.8117370605,2016-06-21 09:38:08,Gonesse,France
48.9753456116,2.58240485191,76.0152893066,2016-06-21 09:42:24,Mitry-Mory,France
49.0979881287,2.73839330673,111.491363525,2016-06-21 09:53:04,Lagny-le-Sec,France
49.2613868713,3.04348397255,128.157806396,2016-06-21 10:16:32,Largny-sur-Automne,France
49.2771453857,2.98580908775,127.353637695,2016-06-21 10:33:36,Bonneuil-en-Valois,France
49.2493438721,3.09130501747,126.999916077,2016-06-21 13:30:40,Villers-Cotterêts,France
49.2772827148,2.98531961441,120.009384155,2016-06-21 21:49:52,Bonneuil-en-Valois,France
49.2612113953,3.04353523254,120.001564026,2016-06-21 21:54:08,Largny-sur-Automne,France
49.2755661011,2.99148464203,120.829978943,2016-06-22 00:34:08,Bonneuil-en-Valois,France
49.2621040344,3.03992605209,120.263961792,2016-06-22 00:46:56,Largny-sur-Automne,France
49.2408981323,3.02939105034,120.034866333,2016-06-22 02:37:52,Vauciennes,France
49.2621498108,3.03956079483,120.011184692,2016-06-22 02:52:48,Largny-sur-Automne,France
49.2755432129,2.99157357216,120.000511169,2016-06-22 05:45:36,Bonneuil-en-Valois,France
49.2619247437,3.04057502747,120.000213623,2016-06-22 05:58:24,Largny-sur-Automne,France
49.2772750854,2.98534941673,120.764831543,2016-06-22 06:32:32,Bonneuil-en-Valois,France
49.2611618042,3.04335546494,120.488830566,2016-06-22 06:43:12,Largny-sur-Automne,France
49.2816848755,2.98676037788,120.14667511,2016-06-22 07:55:44,Bonneuil-en-Valois,France
49.2525405884,3.04355740547,128.329086304,2016-06-22 16:55:28,Largny-sur-Automne,France
49.2772941589,2.98527288437,120.056343079,2016-06-22 20:18:08,Bonneuil-en-Valois,France
49.2611541748,3.04335093498,120.026695251,2016-06-22 20:52:16,Largny-sur-Automne,France
49.3136291504,2.56303572655,120.020019531,2016-06-22 21:17:52,Monceaux,France
49.2558441162,3.07943177223,126.777832031,2016-06-23 16:06:24,Villers-Cotterêts,France
49.2723960876,3.0066049099,130.848846436,2016-06-23 16:23:28,Vez,France
49.2611503601,3.0433614254,121.647880554,2016-06-23 16:34:08,Largny-sur-Automne,France
49.2475357056,3.02068686485,121.061882019,2016-06-23 17:14:40,Vez,France
49.2610473633,3.04344964027,119.841026306,2016-06-23 17:23:12,Largny-sur-Automne,France
49.2740592957,2.99690628052,119.688270569,2016-06-23 17:36:00,Bonneuil-en-Valois,France
49.2611045837,3.04344630241,119.61566925,2016-06-23 17:59:28,Largny-sur-Automne,France
49.2772979736,2.985257864,119.61566925,2016-06-23 18:05:52,Bonneuil-en-Valois,France
49.2474060059,3.02061462402,119.571937561,2016-06-23 18:14:24,Vez,France
49.2604598999,3.07358670235,119.571937561,2016-06-23 19:05:36,Villers-Cotterêts,France
49.2836494446,2.98125934601,128.200897217,2016-06-23 22:19:44,Bonneuil-en-Valois,France
49.2490463257,3.04795980453,129.07711792,2016-06-24 06:36:48,Largny-sur-Automne,France
49.1122970581,2.77049088478,117.524932861,2016-06-24 06:56:00,Silly-le-Long,France
48.9899482727,2.61551761627,86.0570983887,2016-06-24 07:06:40,Mitry-Mory,France
48.9543952942,2.45880317688,45.8201522827,2016-06-24 07:23:44,Le Blanc-Mesnil,France
48.9974594116,2.63205337524,93.9036560059,2016-06-24 09:27:28,Mitry-Mory,France
49.1254997253,2.78815698624,117.898773193,2016-06-24 09:38:08,Nanteuil-le-Haudouin,France
49.247013092,3.03942155838,117.0496521,2016-06-24 10:14:24,Coyolles,France
49.2848739624,2.9777777195,119.5,2016-06-25 09:04:00,Bonneuil-en-Valois,France
49.2611961365,3.04353904724,128.316986084,2016-06-25 09:08:16,Largny-sur-Automne,France
49.2771644592,2.98573827744,121.177589417,2016-06-25 16:51:12,Bonneuil-en-Valois,France
49.2611198425,3.04340982437,120.324272156,2016-06-25 17:01:52,Largny-sur-Automne,France
49.2739028931,2.99747037888,120.324272156,2016-06-25 17:08:16,Bonneuil-en-Valois,France
49.261138916,3.04335236549,119.754486084,2016-06-25 17:16:48,Largny-sur-Automne,France
49.2709083557,2.99707961082,126.041503906,2016-06-25 19:01:20,Vez,France
49.2472801208,3.02095413208,123.373825073,2016-06-25 19:14:08,Vez,France
49.2771453857,2.9857981205,122.795509338,2016-06-25 19:22:40,Bonneuil-en-Valois,France
49.2545051575,3.09048891068,130.755462646,2016-06-25 19:54:40,Villers-Cotterêts,France
49.2766151428,2.98630952835,119.555908203,2016-06-25 23:28:00,Bonneuil-en-Valois,France
49.261100769,3.04348754883,119.577095032,2016-06-25 15:36:32,Largny-sur-Automne,France
49.2721595764,3.00049376488,121.653701782,2016-06-26 21:09:20,Bonneuil-en-Valois,France
49.2611083984,3.04345774651,120.915718079,2016-06-26 21:28:32,Largny-sur-Automne,France
49.2156600952,2.95774126053,105.190673828,2016-06-27 07:21:36,Gondreville,France
48.830871582,2.70841503143,103.677818298,2016-06-27 08:10:40,Bussy-Saint-Georges,France
48.8502197266,2.77848172188,126.192108154,2016-06-27 11:54:40,Serris,France
48.8801841736,2.66752457619,45.2031974792,2016-06-27 12:05:20,Pomponne,France
48.9677810669,2.61422395706,73.4553527832,2016-06-27 12:18:08,Mitry-Mory,France
49.0127792358,2.64963817596,73.4553527832,2016-06-27 12:22:24,Thieux,France
49.2672653198,2.99204540253,117.923965454,2016-06-27 12:45:52,Bonneuil-en-Valois,France
49.2605323792,3.0432035923,119.5,2016-06-27 12:50:08,Largny-sur-Automne,France
49.241230011,3.02960348129,119.5,2016-06-27 13:32:48,Vauciennes,France
49.2603683472,3.04288387299,119.5,2016-06-27 13:43:28,Largny-sur-Automne,France
49.2672119141,3.02284669876,119.5,2016-06-27 15:42:56,Vez,France
49.2611236572,3.04341006279,119.5,2016-06-27 16:00:00,Largny-sur-Automne,France
49.2420730591,3.02700543404,119.5,2016-06-27 18:31:28,Vauciennes,France
49.270450592,3.00046205521,119.5,2016-06-27 19:33:20,Vez,France
49.2611236572,3.04341030121,119.5,2016-06-27 19:50:24,Largny-sur-Automne,France
49.2737998962,3.00058197975,119.5,2016-06-27 20:22:24,Bonneuil-en-Valois,France
49.2611618042,3.04328560829,119.5,2016-06-27 20:39:28,Largny-sur-Automne,France
49.2410545349,3.02799344063,119.5,2016-06-27 20:52:16,Vauciennes,France
49.2749099731,2.99681639671,119.5,2016-06-27 21:02:56,Bonneuil-en-Valois,France
49.2611846924,3.04340052605,109.812255859,2016-06-28 00:25:36,Largny-sur-Automne,France
49.282333374,2.9849357605,110.396057129,2016-06-28 00:42:40,Bonneuil-en-Valois,France
49.2611961365,3.04353833199,123.502037048,2016-06-28 02:46:24,Largny-sur-Automne,France
49.2712516785,2.99721312523,123.504364014,2016-06-28 08:08:32,Vez,France
49.2613754272,3.04272341728,123.498580933,2016-06-28 10:05:52,Largny-sur-Automne,France
49.2460098267,3.0341026783,123.503128052,2016-06-28 10:20:48,Largny-sur-Automne,France
49.2612762451,3.04345297813,121.813171387,2016-06-28 10:25:04,Largny-sur-Automne,France
49.2486534119,3.0209300518,121.164772034,2016-06-28 10:42:08,Vez,France
49.2619819641,3.04051566124,120.905899048,2016-06-28 10:57:04,Largny-sur-Automne,France
49.2749786377,2.99660253525,120.029624939,2016-06-28 12:13:52,Bonneuil-en-Valois,France
49.2660560608,3.09578919411,141.967132568,2016-06-28 12:58:40,Villers-Cotterêts,France
49.3107337952,3.1031768322,142.156402588,2016-06-28 13:05:04,Vivières,France
49.403881073,3.01458644867,46.1158447266,2016-06-28 13:20:00,Couloisy,France
49.3441162109,3.09892463684,157.065948486,2016-06-28 14:15:28,Mortefontaine,France
49.2821350098,3.11055326462,172.210662842,2016-06-28 14:21:52,Villers-Cotterêts,France
49.2401542664,3.02892374992,119.73349762,2016-06-28 16:06:24,Vauciennes,France
49.2610816956,3.04335284233,119.677757263,2016-06-28 16:25:36,Largny-sur-Automne,France
49.2407341003,3.0293109417,119.561714172,2016-06-28 16:57:36,Vauciennes,France
49.2558479309,3.07943153381,126.808013916,2016-06-28 17:06:08,Villers-Cotterêts,France
49.261100769,3.04349803925,126.363601685,2016-06-28 17:27:28,Largny-sur-Automne,France
49.2773017883,3.06256222725,131.0,2016-06-28 18:22:56,Haramont,France
49.2316894531,2.88845157623,102.070907593,2016-06-28 18:40:00,Crépy-en-Valois,France
49.2611045837,3.04346776009,119.81703949,2016-06-28 22:00:32,Largny-sur-Automne,France
49.2747344971,2.9957690239,123.000038147,2016-06-29 05:09:20,Bonneuil-en-Valois,France
49.2611656189,3.04351973534,123.041625977,2016-06-29 05:24:16,Largny-sur-Automne,France
49.2863731384,2.97230648994,120.200622559,2016-06-29 08:04:16,Bonneuil-en-Valois,France
49.2612037659,3.04354453087,120.232063293,2016-06-29 08:08:32,Largny-sur-Automne,France
49.2436676025,3.02757287025,123.287239075,2016-06-29 10:25:04,Vauciennes,France
49.2608299255,3.04329776764,122.722045898,2016-06-29 10:31:28,Largny-sur-Automne,France
49.2690010071,2.99745893478,121.864349365,2016-06-29 10:42:08,Bonneuil-en-Valois,France
49.2610778809,3.04341959953,129.916061401,2016-06-29 11:16:16,Largny-sur-Automne,France
49.2412414551,3.02811336517,119.553886414,2016-06-29 12:20:16,Vauciennes,France
49.2726783752,3.00435113907,119.534614563,2016-06-29 12:26:40,Vez,France
49.2611160278,3.04343962669,119.518409729,2016-06-29 12:41:36,Largny-sur-Automne,France
49.2853507996,2.97502684593,119.512283325,2016-06-29 13:24:16,Bonneuil-en-Valois,France
49.2607460022,3.0431907177,119.502174377,2016-06-29 13:34:56,Largny-sur-Automne,France
49.2907981873,3.16660499573,120.306274414,2016-06-29 13:45:36,Montgobert,France
49.3818435669,2.95444583893,120.306274414,2016-06-29 14:21:52,Vieux-Moulin,France
49.4664726257,2.91061258316,120.306274414,2016-06-29 14:36:48,Le Plessis-Brion,France
50.7873191833,4.3622918129,120.306274414,2016-06-29 16:36:16,Uccle,Belgium
50.8100547791,4.3177022934,39.0712852478,2016-07-03 12:56:32,Forest,Belgium
50.8309593201,4.33203458786,39.0712852478,2016-07-03 13:17:52,Sint-Gillis,Belgium
50.7870101929,4.3615193367,87.2900314331,2016-07-03 14:04:48,,
50.7742424011,4.33360624313,65.2313308716,2016-07-04 12:54:24,,
50.6109848022,4.29044961929,54.9230155945,2016-07-04 13:11:28,Nivelles,Belgium
50.4412765503,3.68470335007,54.9230155945,2016-07-04 13:41:20,,
49.3215255737,3.04882240295,54.9230155945,2016-07-04 15:25:52,,
49.2416229248,3.03186440468,119.271858215,2016-07-04 16:32:00,,
49.2609901428,3.04342126846,119.288238525,2016-07-04 16:38:24,,
49.2748603821,2.99774694443,119.288238525,2016-07-04 16:46:56,,
49.246181488,3.02742600441,119.364959717,2016-07-04 16:53:20,,
49.261089325,3.04338026047,119.425865173,2016-07-04 17:06:08,,
49.2428970337,3.01543617249,119.440910339,2016-07-04 17:16:48,,
49.2718544006,2.99704766273,119.440910339,2016-07-04 17:29:36,,
49.2611160278,3.04348707199,119.458488464,2016-07-04 17:44:32,,
49.2764396667,2.99248957634,119.458488464,2016-07-04 18:31:28,,
49.2429695129,3.02925157547,119.458488464,2016-07-04 18:48:32,,
49.2766418457,2.99159240723,119.458488464,2016-07-04 19:05:36,,
49.2603149414,3.0429353714,119.468017578,2016-07-04 19:14:08,,
49.2424125671,3.03243899345,119.491821289,2016-07-04 19:31:12,,
49.2683334351,3.00151729584,119.491821289,2016-07-04 19:37:36,,
49.2611198425,3.04346632957,119.49256134,2016-07-04 19:41:52,,
49.2903823853,2.96641206741,119.570411682,2016-07-04 23:49:20,,
49.2611999512,3.04354095459,119.531394958,2016-07-05 04:13:52,,
49.2842254639,2.9783718586,119.512123108,2016-07-05 06:32:32,,
49.2612419128,3.04322290421,119.505752563,2016-07-05 07:30:08,,
49.244556427,3.02808690071,127.453445435,2016-07-05 11:22:40,,
49.2610969543,3.04339194298,125.674919128,2016-07-05 11:26:56,,
49.2729148865,3.00887012482,125.674919128,2016-07-05 11:48:16,,
49.2487106323,3.09011006355,122.095146179,2016-07-05 13:00:48,,
49.2692909241,2.98987293243,126.536720276,2016-07-05 14:41:04,,
49.2588348389,3.0405459404,123.408561707,2016-07-05 14:56:00,,
49.2668113708,3.01072645187,119.65259552,2016-07-05 17:12:32,,
49.2430267334,3.02993297577,119.65259552,2016-07-05 17:48:48,,
49.2610015869,3.04341411591,119.594978333,2016-07-05 19:03:28,,
49.2807769775,2.98815727234,119.519309998,2016-07-05 19:33:20,,
49.2611999512,3.04354000092,119.509986877,2016-07-05 19:56:48,,
49.2798805237,2.99005079269,119.500267029,2016-07-05 20:05:20,,
49.2611503601,3.0435116291,121.987716675,2016-07-05 20:09:36,,
49.2449645996,3.02729439735,119.500007629,2016-07-05 21:00:48,,
49.283039093,2.97859811783,119.500007629,2016-07-05 21:11:28,,
49.2611160278,3.04348754883,119.000228882,2016-06-04 06:19:44,Largny-sur-Automne,France
49.2432060242,3.03290653229,119.5,2016-07-06 07:55:44,,
49.2678833008,3.00839066505,119.5,2016-07-06 08:04:16,,
49.2461013794,3.09003281593,124.792114258,2016-07-06 12:16:00,,
49.2422943115,3.03594636917,129.774429321,2016-07-06 16:29:52,,
49.2611160278,3.04348754883,119.000228882,2016-06-04 06:19:44,Largny-sur-Automne,France
49.2808036804,2.98735952377,128.50668335,2016-07-06 21:54:08,,
49.2611503601,3.04351139069,119.532752991,2016-07-07 07:21:36,,
49.241104126,3.03049135208,119.5,2016-07-07 13:24:16,,
49.2610359192,3.043435812,119.5,2016-07-07 13:56:16,,
49.242225647,3.03212070465,119.5,2016-07-07 14:04:48,,
49.261013031,3.04342651367,119.5,2016-07-07 14:13:20,,
49.2620391846,3.00862503052,119.5,2016-07-07 15:45:04,,
49.2418746948,3.02953910828,119.5,2016-07-07 16:12:48,,
49.2612342834,3.04338121414,124.459617615,2016-07-07 17:27:28,,
49.2413520813,3.03159022331,119.510131836,2016-07-07 21:49:52,,
49.3622665405,3.30644083023,119.975212097,2016-07-08 12:39:28,,
49.3671951294,3.50114941597,119.975212097,2016-07-08 12:54:24,,
49.2558784485,4.04081821442,119.975212097,2016-07-08 13:47:44,,
49.3320236206,3.57473111153,87.7170562744,2016-07-08 17:10:24,,
49.3818740845,3.45754408836,87.7170562744,2016-07-08 17:16:48,,
49.3611717224,3.31870055199,54.3558197021,2016-07-08 17:27:28,,
49.2538146973,3.07610535622,54.4450111389,2016-07-08 18:01:36,,
49.2611045837,3.04346966743,97.1373138428,2016-07-08 18:12:16,,
49.2558517456,3.08613848686,123.678352356,2016-07-08 18:37:52,,
49.2621955872,3.01975846291,128.049041748,2016-07-09 07:25:52,,
49.261100769,3.04348421097,125.088829041,2016-07-09 07:45:04,,
49.2415161133,3.03088283539,123.072387695,2016-07-09 08:27:44,,
49.2705383301,2.98666548729,123.072387695,2016-07-09 09:25:20,,
49.2556724548,3.03819918633,120.063682556,2016-07-09 09:42:24,,
49.2413291931,3.03135728836,119.177116394,2016-07-09 10:35:44,,
49.2615127563,3.04316353798,119.000358582,2016-07-09 11:50:24,,
49.3282699585,3.32875800133,130.098632812,2016-07-09 12:16:00,,
49.3660774231,3.33367156982,130.098632812,2016-07-09 13:24:16,,
49.2397575378,3.03063416481,123.0,2016-07-09 14:30:24,,
49.3135375977,3.2075741291,130.92489624,2016-07-09 14:45:20,,
49.2611045837,3.04348707199,132.902084351,2016-07-09 16:27:44,,
49.3207473755,3.18462705612,106.143379211,2016-07-09 17:25:20,,
49.2610931396,3.04320836067,117.229904175,2016-07-09 20:58:40,,
49.2775344849,2.99666810036,122.023109436,2016-07-09 21:34:56,,
49.2611312866,3.04350852966,118.933235168,2016-07-10 07:04:32,,
49.2409973145,3.03137779236,119.041130066,2016-07-10 08:53:20,,
49.260848999,3.04332566261,119.012756348,2016-07-10 09:14:40,,
49.2696418762,2.99179720879,126.228645325,2016-07-10 11:20:32,,
49.2610740662,3.04347372055,119.972320557,2016-07-10 13:20:00,,
49.2410926819,3.03143668175,119.021865845,2016-07-10 15:02:24,,
49.2641067505,3.03468298912,119.004920959,2016-07-10 15:17:20,,
49.2533950806,3.06891798973,119.000617981,2016-07-10 17:06:08,,
49.2611045837,3.04347681999,119.000541687,2016-07-10 17:29:36,,
49.2409477234,3.03134775162,119.000358582,2016-07-10 17:55:12,,
49.2611045837,3.04348778725,122.824501038,2016-07-09 14:11:12,,
49.2424926758,3.02888917923,126.426979065,2016-07-11 07:23:44,,
49.2808456421,2.97903418541,126.426979065,2016-07-11 07:36:32,,
49.2611808777,3.04352164268,122.637405396,2016-07-11 07:47:12,,
49.2770080566,2.99029445648,123.0,2016-07-11 12:35:12,,
49.2611465454,3.04335212708,123.0,2016-07-11 13:54:08,,
49.2437553406,3.03182506561,119.337860107,2016-07-11 15:28:00,,
49.2766609192,2.99143886566,119.240661621,2016-07-11 16:00:00,,
49.2611427307,3.0433549881,119.052268982,2016-07-11 17:23:12,,
49.2414627075,3.03165459633,119.052268982,2016-07-11 17:31:44,,
49.274646759,2.9940776825,119.037727356,2016-07-11 18:20:48,,
49.261100769,3.04348731041,119.026397705,2016-07-11 18:52:48,,
49.2409934998,3.03138589859,118.924064636,2016-07-11 20:05:20,,
49.2611808777,3.04322504997,119.812973022,2016-07-11 20:24:32,,
49.277759552,2.98780488968,119.695083618,2016-07-11 20:33:04,,
49.2611045837,3.04348921776,119.000015259,2016-07-12 06:49:36,,
49.2741966248,2.99899339676,120.14756012,2016-07-12 09:33:52,,
49.2604408264,3.04294371605,121.390892029,2016-07-12 09:59:28,,
49.241973877,3.03196787834,120.427703857,2016-07-12 10:08:00,,
49.2611312866,3.04350161552,119.152915955,2016-07-12 10:31:28,,
49.2764129639,2.99228930473,119.064453125,2016-07-12 11:46:08,,
49.2408027649,3.09598946571,122.166694641,2016-07-12 12:13:52,,
49.2768058777,2.99097776413,119.110855103,2016-07-12 20:43:44,,
49.2611427307,3.04335832596,119.050498962,2016-07-12 20:52:16,,
49.2749938965,2.99704098701,119.014122009,2016-07-12 21:32:48,,
49.2494697571,3.02305865288,119.009933472,2016-07-12 21:39:12,,
49.261138916,3.0435063839,129.074539185,2016-07-13 07:34:24,,
49.2437553406,3.03148937225,128.343536377,2016-07-13 08:34:08,,
49.261100769,3.04348635674,124.751716614,2016-06-28 14:32:32,Largny-sur-Automne,France
49.2439041138,3.03158950806,128.156799316,2016-07-13 09:59:28,,
49.2699012756,3.00948095322,123.468612671,2016-07-13 10:08:00,,
49.249584198,3.02266979218,123.468612671,2016-07-13 10:20:48,,
49.2555847168,3.08024764061,136.776641846,2016-07-13 11:24:48,,
49.2301712036,2.98199439049,119.83114624,2016-07-13 11:39:44,,
49.0996894836,2.73918914795,116.829620361,2016-07-13 11:54:40,,
48.9925842285,2.86211466789,111.61605835,2016-07-13 12:16:00,,
48.9027404785,2.88866782188,105.63192749,2016-07-13 12:26:40,,
48.7356147766,2.85581827164,116.267486572,2016-07-13 12:41:36,,
48.6347618103,2.78674483299,90.9632873535,2016-07-13 12:50:08,,
48.5901184082,2.72364640236,74.8149719238,2016-07-13 12:56:32,,
48.3943557739,2.98215055466,55.7388572693,2016-07-13 13:11:28,,
48.3712615967,3.12089395523,83.6917724609,2016-07-13 13:15:44,,
48.3146209717,3.24030780792,84.270690918,2016-07-13 13:20:00,,
48.2405166626,3.25992155075,59.7053833008,2016-07-13 13:26:24,,
48.1651077271,3.17626094818,192.400878906,2016-07-13 13:30:40,,
48.0765991211,3.1228749752,184.733642578,2016-07-13 13:34:56,,
48.0014877319,3.1659860611,168.321899414,2016-07-13 13:41:20,,
47.9282493591,3.26109719276,153.76373291,2016-07-13 13:45:36,,
47.8635215759,3.52794623375,95.6495361328,2016-07-13 13:56:16,,
47.695274353,3.82850646973,235.679199219,2016-07-13 14:11:12,,
47.5500183105,3.96253085136,267.732055664,2016-07-13 14:21:52,,
47.4480781555,4.28503704071,353.565246582,2016-07-13 14:36:48,,
47.1877174377,4.67283153534,339.181793213,2016-07-13 15:15:12,,
47.1011352539,4.72088384628,508.67098999,2016-07-13 15:19:28,,
47.0072784424,4.86330747604,210.018035889,2016-07-13 15:30:08,,
46.9185791016,4.81881570816,209.257415771,2016-07-13 15:34:24,,
46.7432022095,4.83367347717,186.437225342,2016-07-13 15:45:04,,
46.5604400635,4.897544384,206.137115479,2016-07-13 15:55:44,,
46.3810997009,4.8475112915,217.44631958,2016-07-13 16:04:16,,
46.3152275085,4.88965463638,178.233917236,2016-07-13 16:10:40,,
46.2731323242,5.01022815704,208.008148193,2016-07-13 16:14:56,,
46.2377853394,5.27598142624,253.752532959,2016-07-13 16:25:36,,
46.0694351196,5.3291220665,251.99609375,2016-07-13 16:34:08,,
46.1690139771,5.75060606003,516.793212891,2016-07-13 16:55:28,,
46.0581588745,5.89607906342,507.993652344,2016-07-13 17:04:00,,
46.1052627563,5.98003578186,504.552368164,2016-07-13 17:10:24,,
46.1644973755,6.19565248489,421.441772461,2016-07-13 17:18:56,,
46.1543998718,6.28961324692,463.18359375,2016-07-13 17:25:20,,
46.0917854309,6.3580327034,437.777587891,2016-07-13 17:29:36,,
46.046836853,6.59622383118,474.755981445,2016-07-13 17:40:16,,
45.9836044312,6.6286315918,523.735717773,2016-07-13 17:44:32,,
45.9400749207,6.62984514236,546.226318359,2016-07-13 17:50:56,,
45.9190330505,6.60550785065,932.907958984,2016-07-13 17:59:28,,
45.8574752808,6.6190199852,1108.68078613,2016-07-13 19:12:00,,
45.9193572998,6.60543823242,920.462219238,2016-07-14 07:08:48,,
45.8866996765,6.64453458786,1011.03839111,2016-07-14 10:54:56,,
45.9237098694,6.87586450577,1034.71789551,2016-07-14 14:56:00,,
45.8996086121,6.82878923416,1018.89782715,2016-07-14 15:00:16,,
45.9041061401,6.67555856705,572.311279297,2016-07-14 15:49:20,,
45.9345245361,6.6318821907,554.397827148,2016-07-14 15:55:44,,
45.9190406799,6.6077375412,882.706542969,2016-07-14 16:04:16,,
45.9352302551,6.63241291046,550.809936523,2016-07-14 20:30:56,,
45.9162788391,6.60801315308,936.611694336,2016-07-14 20:48:00,,
45.9730682373,6.63020181656,538.642944336,2016-07-15 08:21:20,,
46.0500564575,6.59598207474,488.668060303,2016-07-15 08:29:52,,
46.0703239441,6.28801202774,636.211791992,2016-07-15 09:01:52,,
46.0054931641,6.19081306458,596.754516602,2016-07-15 09:10:24,,
45.8984031677,6.12582159042,447.067596436,2016-07-15 11:26:56,,
45.9139900208,6.08233690262,441.137786865,2016-07-15 13:24:16,,
46.0109977722,5.98640918732,356.942108154,2016-07-15 13:39:12,,
46.0345687866,5.88827371597,372.796356201,2016-07-15 13:49:52,,
46.1685256958,5.75172138214,495.2293396,2016-07-15 14:04:48,,
46.0752677917,5.34511184692,272.798248291,2016-07-15 14:24:00,,
46.1285018921,5.28295516968,245.734222412,2016-07-15 14:28:16,,
46.2214584351,5.29107427597,249.28036499,2016-07-15 14:34:40,,
46.2625274658,5.18330049515,216.912567139,2016-07-15 14:38:56,,
46.2936592102,4.91168689728,207.255462646,2016-07-15 14:49:36,,
46.3588066101,4.82961797714,213.129638672,2016-07-15 14:53:52,,
46.5402107239,4.91922569275,221.299072266,2016-07-15 15:04:32,,
46.6221923828,4.86115169525,225.021118164,2016-07-15 15:08:48,,
46.7176933289,4.83931875229,202.618713379,2016-07-15 15:13:04,,
46.9077911377,4.82079982758,222.574707031,2016-07-15 15:23:44,,
47.0001792908,4.85967540741,209.400756836,2016-07-15 15:30:08,,
47.1150779724,4.70939064026,498.980712891,2016-07-15 15:38:40,,
47.1989555359,4.65678215027,342.891601562,2016-07-15 15:45:04,,
47.2538490295,4.54692316055,405.310302734,2016-07-15 15:49:20,,
47.3325614929,4.47770118713,339.96383667,2016-07-15 15:53:36,,
47.4463157654,4.30235671997,378.384613037,2016-07-15 16:04:16,,
47.5515518188,4.350086689,300.001434326,2016-07-15 16:14:56,,
47.6384010315,4.29991817474,202.333343506,2016-07-15 16:23:28,,
47.6661643982,4.23916912079,194.606842041,2016-07-15 16:29:52,,
47.7217407227,4.21016407013,189.885162354,2016-07-15 16:34:08,,
47.7365646362,4.22367525101,185.805755615,2016-07-15 19:39:44,,
47.7022819519,4.17534446716,185.805755615,2016-07-16 07:55:44,,
47.737323761,4.22423124313,134.664794922,2016-07-16 08:12:48,,
47.7070274353,4.24073839188,190.602706909,2016-07-16 10:37:52,,
47.7735900879,4.16930437088,180.971008301,2016-07-17 07:08:48,,
47.8566093445,3.9709956646,142.368377686,2016-07-17 07:28:00,,
47.9727516174,4.04549980164,231.154876709,2016-07-17 08:00:00,,
48.0531692505,4.1351723671,169.461700439,2016-07-17 08:08:32,,
48.2504463196,4.11254501343,111.312164307,2016-07-17 08:29:52,,
48.275138855,4.04535245895,106.141448975,2016-07-17 08:34:08,,
48.3354225159,4.01855039597,107.232696533,2016-07-17 08:40:32,,
48.4329147339,3.9134619236,105.921966553,2016-07-17 08:49:04,,
48.5647315979,3.86709499359,71.6290588379,2016-07-17 09:04:00,,
48.5837516785,3.81520199776,75.9516296387,2016-07-17 09:10:24,,
48.6342315674,3.77261614799,73.0187683105,2016-07-17 09:14:40,,
48.7271308899,3.73467373848,124.966949463,2016-07-17 09:25:20,,
48.7587089539,3.66020393372,199.891082764,2016-07-17 09:29:36,,
48.8779716492,3.5389649868,174.28515625,2016-07-17 09:44:32,,
48.9013710022,3.48120641708,190.667419434,2016-07-17 09:48:48,,
49.015663147,3.42053675652,158.636657715,2016-07-17 09:59:28,,
49.0686454773,3.34674954414,196.363952637,2016-07-17 10:10:08,,
49.0981559753,3.20518827438,68.301940918,2016-07-17 10:18:40,,
49.1939659119,3.11595368385,133.361938477,2016-07-17 10:35:44,,
49.24817276,3.09548068047,133.634674072,2016-07-17 10:40:00,,
49.2601737976,3.04252362251,130.423095703,2016-07-17 10:52:48,,
49.2421417236,3.02984642982,119.511619568,2016-07-17 12:28:48,,
49.261100769,3.04348778725,123.990898132,2016-07-17 13:41:20,,
49.203414917,3.04957866669,112.160377502,2016-07-17 13:54:08,,
49.233417511,3.08542823792,104.975891113,2016-07-17 15:30:08,,
49.2034111023,3.04957842827,104.555541992,2016-07-17 15:45:04,,
49.2335700989,3.08556365967,104.333366394,2016-07-17 16:19:12,,
49.2034683228,3.04962778091,104.223846436,2016-07-17 16:34:08,,
49.224281311,3.07283568382,121.188026428,2016-07-17 21:34:56,,
49.107208252,3.01578688622,110.09160614,2016-07-17 22:26:08,,
49.2034111023,3.04957818985,105.31603241,2016-07-17 22:32:32,,
49.2610816956,3.04348611832,106.513282776,2016-07-17 23:13:04,,
49.2504005432,3.02054905891,126.275543213,2016-07-17 23:42:56,,
49.2379112244,3.09837007523,124.45867157,2016-07-18 13:17:52,,
49.2551689148,3.10308218002,130.635696411,2016-07-18 14:13:20,,
49.2767601013,3.22952985764,88.7188415527,2016-07-18 14:30:24,,
49.2610969543,3.04350829124,128.185287476,2016-07-18 15:00:16,,
49.2471580505,3.14692306519,186.817596436,2016-07-18 21:24:16,,
49.2432060242,3.07652592659,127.061920166,2016-07-18 23:00:16,,
49.2438163757,3.09658408165,127.438201904,2016-07-18 23:32:16,,
49.1741333008,3.12610936165,92.5395202637,2016-07-19 00:25:36,,
49.2553901672,3.10237455368,141.130279541,2016-07-19 01:23:12,,
49.2477149963,3.01653552055,125.552154541,2016-07-19 08:27:44,,
49.2766914368,3.22977018356,86.2471847534,2016-07-19 09:12:32,,
49.2850456238,3.16931247711,156.813476562,2016-07-19 09:25:20,,
49.2503356934,3.09720802307,135.439849854,2016-07-19 09:42:24,,
49.261100769,3.04348468781,122.581039429,2016-07-19 09:55:12,,
49.2768821716,3.22950363159,86.2062911987,2016-07-19 13:22:08,,
49.730594635,3.75925517082,87.1861190796,2016-07-19 14:30:24,,
50.0880393982,3.93002486229,167.892883301,2016-07-19 15:00:16,,
50.6965484619,4.28804397583,113.788330078,2016-07-19 16:10:40,,
50.7775497437,4.30042123795,23.7548828125,2016-07-19 16:14:56,,
50.7873001099,4.36026287079,28.2251586914,2016-07-19 16:32:00,,
50.8412208557,4.34882354736,92.6817169189,2016-07-20 12:11:44,,
50.8497123718,4.36582708359,40.2692260742,2016-07-20 15:32:16,,
50.8404541016,4.34968090057,40.2692260742,2016-07-20 18:03:44,,
50.7873344421,4.36249685287,74.5089035034,2016-07-20 23:53:36,,
50.8351173401,4.53417348862,90.5520248413,2016-07-21 14:36:48,,
50.7751655579,4.31857061386,52.0,2016-07-22 08:29:52,,
50.340587616,3.97189235687,63.7873191833,2016-07-22 09:21:04,,
50.2809410095,3.93175077438,134.384368896,2016-07-22 09:29:36,,
50.2368507385,3.9612390995,183.118621826,2016-07-22 09:36:00,,
49.9792404175,3.91113233566,221.675872803,2016-07-22 10:05:52,,
49.8964538574,3.62884950638,98.2841491699,2016-07-22 10:25:04,,
49.6890907288,3.62152099609,65.8396911621,2016-07-22 10:50:40,,
49.6858482361,3.51578497887,60.0,2016-07-22 11:39:44,,
49.6803703308,3.58973503113,60.0,2016-07-22 11:52:32,,
49.6472930908,3.6160492897,65.169921875,2016-07-22 11:58:56,,
49.5826377869,3.56945061684,63.0854492188,2016-07-22 12:07:28,,
49.5326957703,3.59006476402,59.0682983398,2016-07-22 12:13:52,,
49.4889717102,3.54720282555,71.1704101562,2016-07-22 12:18:08,,
49.2965545654,3.19417715073,147.677490234,2016-07-22 12:43:44,,
49.2661018372,3.09035539627,144.178131104,2016-07-22 12:48:00,,
49.2692947388,3.00008773804,123.0,2016-07-22 15:49:20,,
49.2541923523,3.09186077118,131.0,2016-07-22 17:55:12,,
49.2638244629,3.04478120804,130.109466553,2016-07-22 20:13:52,,
49.2448387146,3.02812862396,129.095428467,2016-07-22 21:15:44,,
49.2611846924,3.04351496696,122.513641357,2016-07-22 21:30:40,,
49.2727050781,2.99349617958,120.140739441,2016-07-22 22:28:16,,
49.261138916,3.04348683357,120.034515381,2016-07-23 06:41:04,,
49.2399024963,3.01383972168,120.371673584,2016-07-23 07:28:00,,
49.2610473633,3.04345440865,120.070289612,2016-07-23 07:45:04,,
49.2503051758,3.09337067604,129.352218628,2016-07-23 08:12:48,,
49.2345581055,2.88866591454,118.982315063,2016-07-23 08:34:08,,
49.0550994873,2.70706629753,118.982315063,2016-07-23 08:49:04,,
48.9497413635,2.55992388725,118.982315063,2016-07-23 08:57:36,,
48.9266357422,2.42637300491,118.982315063,2016-07-23 09:14:40,,
48.8810119629,2.353733778,118.982315063,2016-07-23 09:25:20,,
48.7542457581,2.30090236664,58.0587158203,2016-07-23 10:05:52,,
48.7283859253,2.3665189743,88.8627319336,2016-07-23 10:14:24,,
32.6488838196,-16.8463993073,313.647155762,2016-07-23 17:42:24,,
32.6340522766,-16.9443626404,68.9838943481,2016-07-24 13:41:20,,
32.6489753723,-16.9611282349,63.8346824646,2016-07-24 15:40:48,,
32.6474609375,-16.8998432159,128.710922241,2016-07-25 14:53:52,,
32.6762275696,-17.0809078217,83.9212646484,2016-07-26 10:20:48,,
32.6703338623,-17.0652542114,146.0,2016-07-26 10:29:20,,
32.7161064148,-17.1483135223,146.0,2016-07-26 11:29:04,,
32.8121566772,-17.1236209869,146.0,2016-07-26 12:50:08,,
32.8179130554,-17.0752048492,146.0,2016-07-26 13:13:36,,
32.8676223755,-17.1656455994,-6.12243652344,2016-07-26 14:19:44,,
32.8030319214,-17.0464477539,33.0,2016-07-26 15:06:40,,
32.6406326294,-16.9302883148,71.0,2016-07-27 08:36:16,,
32.6442298889,-16.9132499695,87.0050506592,2016-07-27 20:20:16,,
32.6405220032,-16.9303073883,86.1461639404,2016-07-27 21:28:32,,
32.7175559998,-16.9591121674,75.7126312256,2016-07-28 09:16:48,,
32.7962341309,-16.8054656982,75.7126312256,2016-07-28 10:50:40,,
32.8109931946,-16.8803405762,75.7126312256,2016-07-28 11:18:24,,
32.7479133606,-16.8474235535,75.7126312256,2016-07-28 11:50:24,,
32.7757263184,-16.8571357727,76.7706832886,2016-07-28 13:00:48,,
32.7436180115,-16.8334350586,239.751953125,2016-07-28 14:41:04,,
32.7319869995,-16.7808055878,239.751953125,2016-07-28 15:40:48,,
32.6473999023,-16.8230247498,239.751953125,2016-07-28 16:04:16,,
32.6403503418,-16.9307975769,78.2398071289,2016-07-30 08:27:44,,
48.7304840088,2.37199401855,0.0,2016-07-30 20:58:40,,
48.8302459717,2.6046230793,102.595306396,2016-07-31 09:42:24,,
49.1495895386,2.82768702507,107.870880127,2016-07-31 10:14:24,,
49.241733551,3.03985500336,141.821868896,2016-07-31 10:29:20,,
49.2610588074,3.04341626167,123.055160522,2016-07-31 10:46:24,,
49.2671051025,3.00000810623,123.0,2016-07-31 11:07:44,,
49.2432632446,3.03304839134,123.0,2016-07-31 11:16:16,,
49.2610588074,3.04341697693,123.0,2016-07-31 11:31:12,,
49.2749557495,2.99541759491,123.312477112,2016-07-31 15:34:24,,
49.2544059753,3.0974946022,135.453521729,2016-07-31 20:52:16,,
49.241607666,3.07050848007,123.536773682,2016-07-31 21:15:44,,
49.2548065186,3.09357404709,135.038665771,2016-07-31 21:37:04,,
49.2764892578,2.99378705025,123.0,2016-08-01 10:59:12,,
49.2558288574,3.08018183708,135.84703064,2016-08-01 12:35:12,,
49.1416473389,2.79971218109,98.4429016113,2016-08-01 13:22:08,,
49.0126266479,2.65454244614,83.3656921387,2016-08-01 13:30:40,,
48.9643783569,2.55303192139,67.861114502,2016-08-01 13:37:04,,
48.933429718,2.37775993347,29.0409812927,2016-08-01 13:45:36,,
48.8817405701,2.28246235847,31.5910301208,2016-08-01 13:56:16,,
48.8658027649,2.29271316528,52.6431541443,2016-08-01 15:51:28,,
48.8840408325,2.2864792347,36.0999412537,2016-08-01 16:17:04,,
48.919303894,2.35760951042,40.9267845154,2016-08-01 16:32:00,,
48.9843139648,2.6027328968,75.3923034668,2016-08-01 16:46:56,,
49.1063461304,2.75768709183,121.081634521,2016-08-01 16:57:36,,
49.2515487671,3.05815792084,119.207244873,2016-08-01 17:16:48,,
49.2607879639,2.99398303032,131.940704346,2016-08-01 19:20:32,,
49.2552223206,3.0914952755,139.183929443,2016-08-01 19:48:16,,
49.2415885925,3.07049608231,122.716644287,2016-08-01 20:35:12,,
49.2539710999,3.08458685875,130.7762146,2016-08-01 20:48:00,,
49.2772598267,2.99173283577,123.000190735,2016-08-02 08:36:16,,
49.2495689392,3.09585118294,135.144134521,2016-08-02 19:54:40,,
49.2749786377,2.99822831154,123.0,2016-08-03 12:33:04,,
49.2556381226,3.08031487465,136.022247314,2016-08-03 12:48:00,,
49.2618408203,3.04400539398,124.017478943,2016-08-03 12:56:32,,
49.2540359497,3.05991744995,124.876678467,2016-08-03 13:00:48,,
49.1454963684,2.80481076241,98.5871276855,2016-08-03 13:22:08,,
48.9759140015,2.58056712151,70.2059020996,2016-08-03 13:37:04,,
48.8713531494,2.67046809196,42.9565696716,2016-08-03 13:47:44,,
48.8299598694,2.61810970306,109.771148682,2016-08-03 13:52:00,,
48.8279533386,2.50539064407,60.8349266052,2016-08-03 13:56:16,,
48.758808136,2.33658719063,84.538482666,2016-08-03 14:11:12,,
48.7058563232,2.28747224808,75.815826416,2016-08-03 14:17:36,,
48.4598655701,2.1781373024,70.7983093262,2016-08-03 14:41:04,,
48.318145752,1.99853980541,144.793792725,2016-08-03 14:56:00,,
48.0976753235,1.8843460083,120.317840576,2016-08-03 15:17:20,,
47.9470252991,1.89235675335,118.158905029,2016-08-03 15:36:32,,
47.9116249084,1.86703896523,112.085113525,2016-08-03 15:42:56,,
47.8692436218,1.91182482243,88.131652832,2016-08-03 16:02:08,,
47.7227478027,1.94144403934,101.026611328,2016-08-03 16:17:04,,
47.5976028442,2.02239537239,107.385009766,2016-08-03 16:32:00,,
47.4292869568,2.05953812599,106.235046387,2016-08-03 16:51:12,,
47.2456436157,2.05932545662,130.144866943,2016-08-03 17:27:28,,
47.1823730469,2.01317000389,107.000823975,2016-08-03 17:33:52,,
47.0634155273,1.82004487514,133.20602417,2016-08-03 17:42:24,,
46.8906784058,1.72857320309,155.897613525,2016-08-03 17:53:04,,
46.8243179321,1.63382482529,134.558624268,2016-08-03 17:57:20,,
46.7395935059,1.61361455917,172.652557373,2016-08-03 18:03:44,,
46.5830039978,1.49336910248,160.31930542,2016-08-03 18:12:16,,
46.4911270142,1.49820280075,244.645782471,2016-08-03 18:18:40,,
46.3105773926,1.41821634769,322.528656006,2016-08-03 18:27:12,,
46.1261405945,1.38076138496,329.040252686,2016-08-03 18:37:52,,
45.8814659119,1.2896323204,336.778381348,2016-08-03 18:52:48,,
45.8125228882,1.29734289646,275.658081055,2016-08-03 18:57:04,,
45.582649231,1.47593820095,438.361572266,2016-08-03 19:14:08,,
45.4969215393,1.52293646336,440.823242188,2016-08-03 19:18:24,,
45.409576416,1.53021860123,304.720214844,2016-08-03 19:22:40,,
45.2797775269,1.61370682716,345.812744141,2016-08-03 19:33:20,,
45.2674064636,1.73180770874,382.621459961,2016-08-03 19:44:00,,
45.2005767822,1.84720087051,487.87878418,2016-08-03 19:58:56,,
45.2246818542,1.92873227596,547.87121582,2016-08-03 20:07:28,,
45.1965255737,2.02092051506,523.999084473,2016-08-03 20:39:28,,
45.2243423462,1.91766273975,523.997070312,2016-08-03 21:24:16,,
45.3180084229,1.80040085316,524.005187988,2016-08-04 08:34:08,,
45.2242660522,1.91774308681,524.028076172,2016-08-04 08:49:04,,
45.2520942688,1.88291037083,524.004821777,2016-08-04 09:08:16,,
45.222618103,1.9235779047,533.983703613,2016-08-04 09:42:24,,
45.2499275208,1.93001067638,553.465637207,2016-08-04 09:46:40,,
45.2808074951,1.87879705429,529.155822754,2016-08-04 09:53:04,,
45.2667045593,1.77195417881,212.847015381,2016-08-04 10:08:00,,
45.2792015076,1.83699941635,447.028045654,2016-08-04 13:09:20,,
45.2243080139,1.91776454449,524.012878418,2016-08-04 14:34:40,,
45.3136444092,1.8023802042,0.0,2016-08-05 07:04:32,,
45.2220954895,1.92902445793,544.27154541,2016-08-05 08:32:00,,
45.1785125732,1.95625650883,356.954315186,2016-08-05 08:42:40,,
45.0911483765,1.94012010098,176.609344482,2016-08-05 10:31:28,,
45.133682251,2.00423240662,190.315460205,2016-08-05 10:42:08,,
45.2258758545,1.99676072598,277.386932373,2016-08-05 11:29:04,,
45.1268844604,1.97943079472,277.386932373,2016-08-05 11:58:56,,
45.0776901245,1.92407858372,187.0,2016-08-05 15:02:24,,
45.1304893494,1.89716231823,208.286895752,2016-08-05 15:47:12,,
45.2240371704,1.91808319092,524.019592285,2016-08-05 16:08:32,,
45.3158950806,1.79952192307,518.737792969,2016-08-05 21:49:52,,
45.2243347168,1.91765749454,541.0,2016-08-06 06:26:08,,
45.2734260559,1.88426840305,531.71496582,2016-08-06 07:02:24,,
45.2243766785,1.91760754585,536.807067871,2016-08-06 07:08:48,,
45.2023353577,1.99910461903,525.677185059,2016-08-06 07:19:28,,
45.2243118286,1.91771233082,523.76385498,2016-08-06 07:25:52,,
45.2032585144,1.82934367657,443.347015381,2016-08-06 07:47:12,,
45.2406997681,1.78963077068,245.151199341,2016-08-06 07:51:28,,
45.2427482605,1.74385082722,197.007278442,2016-08-06 07:57:52,,
45.1807174683,1.63315463066,128.910919189,2016-08-06 08:06:24,,
45.1563415527,1.53351140022,118.831420898,2016-08-06 10:22:56,,
45.2863693237,1.86096000671,521.065490723,2016-08-06 12:01:04,,
45.245513916,1.95019829273,544.211120605,2016-08-06 12:16:00,,
45.2673149109,2.00765633583,557.787658691,2016-08-06 13:26:24,,
45.2719306946,1.97607016563,545.803771973,2016-08-06 15:45:04,,
45.2244110107,1.91773378849,520.015319824,2016-08-06 15:55:44,,
45.2929649353,1.83311665058,521.084411621,2016-08-06 16:17:04,,
45.2244033813,1.91758155823,523.980895996,2016-08-06 16:23:28,,
45.2729949951,1.88842272758,540.999938965,2016-08-06 22:06:56,,
45.2243347168,1.91765749454,541.0,2016-08-06 06:26:08,,
45.3119392395,1.80975139141,523.853820801,2016-08-07 09:08:16,,
45.2504425049,1.9328455925,523.853820801,2016-08-07 09:18:56,,
45.2243347168,1.91765749454,541.0,2016-08-06 06:26:08,,
45.2907295227,1.83587765694,540.989685059,2016-08-07 11:31:12,,
45.2243995667,1.91778624058,523.488708496,2016-08-07 12:52:16,,
45.266620636,1.89469873905,530.209655762,2016-08-07 13:39:12,,
45.2243347168,1.91765761375,535.779663086,2016-08-07 14:56:00,,
45.2906913757,1.83588516712,522.942687988,2016-08-07 21:22:08,,
45.2243003845,1.91770970821,532.403259277,2016-08-08 06:09:04,,
45.2720794678,1.85987126827,526.653991699,2016-08-08 06:53:52,,
45.2243804932,1.91760766506,530.104919434,2016-08-08 07:15:12,,
45.2403755188,1.94167208672,548.250305176,2016-08-08 08:02:08,,
45.310798645,1.8255341053,457.453704834,2016-08-08 10:01:36,,
45.2637519836,1.78944802284,295.736419678,2016-08-08 10:05:52,,
45.2406539917,1.78767645359,230.978469849,2016-08-08 10:12:16,,
45.1006546021,1.94417572021,184.30291748,2016-08-08 11:24:48,,
45.05834198,1.91578495502,169.409576416,2016-08-08 12:09:36,,
45.0991249084,1.94409775734,183.321716309,2016-08-08 12:33:04,,
45.0582008362,1.90169787407,183.321716309,2016-08-08 13:39:12,,
45.0772285461,1.93038403988,176.832366943,2016-08-08 15:23:44,,
45.1321907043,1.89633607864,200.461700439,2016-08-08 15:51:28,,
45.2245101929,1.91725480556,521.053527832,2016-08-08 16:12:48,,
45.290725708,1.83587908745,528.016540527,2016-08-08 16:29:52,,
45.2243041992,1.91773533821,524.809814453,2016-08-08 19:03:28,,
45.3119392395,1.80975246429,536.033691406,2016-08-09 06:58:08,,
45.2243499756,1.9176555872,525.131652832,2016-08-09 07:13:04,,
45.2867774963,1.84404706955,534.923156738,2016-08-09 08:19:12,,
45.2243843079,1.91760027409,537.522033691,2016-08-09 08:32:00,,
45.2629966736,1.96306347847,530.535461426,2016-08-09 09:04:00,,
45.2919502258,1.95003664494,555.899230957,2016-08-09 09:29:36,,
45.2744445801,2.03274464607,559.218994141,2016-08-09 09:53:04,,
45.2315864563,2.01463866234,543.225402832,2016-08-09 10:14:24,,
45.2251777649,1.91339159012,509.413543701,2016-08-09 10:35:44,,
45.3248443604,1.80106270313,540.579345703,2016-08-09 17:27:28,,
45.2241859436,1.91770088673,538.17565918,2016-08-09 21:49:52,,
45.32472229,1.8012046814,524.304992676,2016-08-10 06:09:04,,
45.2243385315,1.91765320301,524.638305664,2016-08-10 07:00:16,,
45.2348976135,1.9353313446,547.234924316,2016-08-10 07:19:28,,
45.2866783142,1.86207067966,524.981506348,2016-08-10 07:28:00,,
45.2741699219,1.78234243393,267.169891357,2016-08-10 07:38:40,,
45.3338851929,1.75943994522,474.056365967,2016-08-10 07:49:20,,
45.3716087341,1.69708251953,447.134399414,2016-08-10 07:53:36,,
45.4098701477,1.52987575531,309.483673096,2016-08-10 08:04:16,,
45.4977684021,1.52199184895,434.508392334,2016-08-10 08:08:32,,
45.5831718445,1.47533845901,443.747283936,2016-08-10 08:12:48,,
45.729434967,1.34080564976,266.655181885,2016-08-10 08:23:28,,
45.8726501465,1.2878408432,335.578338623,2016-08-10 08:34:08,,
46.1146507263,1.37554848194,294.855072021,2016-08-10 08:49:04,,
46.2036705017,1.38243257999,373.378753662,2016-08-10 08:53:20,,
46.4742927551,1.49784004688,247.560394287,2016-08-10 09:08:16,,
46.5660552979,1.50429022312,200.186248779,2016-08-10 09:14:40,,
46.7233581543,1.6027790308,153.558074951,2016-08-10 09:23:12,,
46.806476593,1.61669158936,151.990081787,2016-08-10 09:29:36,,
46.8710746765,1.71428012848,162.277740479,2016-08-10 09:33:52,,
47.0429725647,1.79598701,159.69720459,2016-08-10 09:44:32,,
47.169052124,1.99674844742,125.11315918,2016-08-10 09:53:04,,
47.2441139221,2.05308628082,125.297119141,2016-08-10 09:59:28,,
47.4202880859,2.05367183685,107.230194092,2016-08-10 10:14:24,,
47.5899238586,2.02430343628,115.075164795,2016-08-10 12:07:28,,
47.7192115784,1.94140839577,105.519500732,2016-08-10 12:22:24,,
47.8700675964,1.91210877895,89.5589294434,2016-08-10 12:37:20,,
47.9002456665,1.87247598171,110.145599365,2016-08-10 12:48:00,,
47.9452667236,1.89281415939,131.113372803,2016-08-10 12:52:16,,
48.0713005066,1.87754583359,122.096343994,2016-08-10 13:07:12,,
48.2801856995,1.97809779644,138.063690186,2016-08-10 13:28:32,,
48.4283561707,2.15829658508,70.3678588867,2016-08-10 13:43:28,,
48.604927063,2.2494058609,73.0281982422,2016-08-10 13:58:24,,
48.6470985413,2.56887459755,83.8468017578,2016-08-10 14:17:36,,
48.8172836304,2.61983561516,106.612945557,2016-08-10 14:32:32,,
48.8488998413,2.66177177429,89.7275695801,2016-08-10 14:36:48,,
48.9651985168,2.60908842087,54.4717674255,2016-08-10 14:47:28,,
49.139125824,2.79900693893,99.2996520996,2016-08-10 15:02:24,,
49.254486084,3.05822062492,124.540252686,2016-08-10 15:23:44,,
49.2439842224,3.03595948219,124.702178955,2016-08-10 16:42:40,,
49.2610244751,3.04336714745,123.663047791,2016-08-10 16:53:20,,
49.2502212524,3.08662676811,126.478607178,2016-08-10 19:26:56,,
49.3802375793,3.32656359673,131.933700562,2016-08-10 20:07:28,,
49.3086700439,3.2389318943,43.7540626526,2016-08-10 23:02:24,,
49.2431030273,3.07706904411,125.847991943,2016-08-10 23:36:32,,
49.2559127808,3.08573651314,135.698944092,2016-08-10 23:40:48,,
49.2751312256,2.99731040001,128.584823608,2016-08-11 00:17:04,,
49.261089325,3.04347467422,119.0,2016-08-11 10:08:00,,
49.2442245483,3.03434348106,119.0,2016-08-11 11:07:44,,
49.2614631653,3.04277658463,128.361175537,2016-08-11 11:29:04,,
49.2456245422,3.03184580803,127.86870575,2016-08-11 11:39:44,,
49.2669677734,3.0102417469,127.86870575,2016-08-11 11:54:40,,
49.2610702515,3.04343962669,124.131958008,2016-08-11 12:05:20,,
49.2436332703,3.03422236443,124.131958008,2016-08-11 12:30:56,,
49.261932373,3.04069471359,120.816230774,2016-08-11 12:37:20,,
49.2432403564,3.03567910194,119.152931213,2016-08-11 13:32:48,,
49.2587509155,3.01558303833,119.152931213,2016-08-11 13:54:08,,
49.2446784973,3.03282213211,119.152931213,2016-08-11 14:34:40,,
49.261089325,3.04346656799,119.121421814,2016-08-11 15:10:56,,
49.2815666199,2.98497009277,124.770629883,2016-08-11 21:07:12,,
49.2611923218,3.04353284836,119.008865356,2016-08-11 21:13:36,,
49.2791213989,2.98477530479,128.424636841,2016-08-12 08:25:36,,
49.261100769,3.04344153404,128.152770996,2016-08-12 10:52:48,,
49.2440338135,3.03556990623,123.909934998,2016-08-12 11:07:44,,
49.2573814392,3.04752182961,128.613311768,2016-08-12 13:22:08,,
49.1130867004,2.77152299881,106.454864502,2016-08-12 13:41:20,,
48.9902763367,2.61619114876,79.0420837402,2016-08-12 13:52:00,,
48.9241600037,2.35699176788,35.9969139099,2016-08-12 14:06:56,,
48.8912353516,2.31999659538,22.214931488,2016-08-12 14:21:52,,
48.9004821777,2.38713312149,52.3407859802,2016-08-12 15:47:12,,
48.8782272339,2.42091107368,117.720550537,2016-08-12 15:55:44,,
48.9009437561,2.36373615265,45.3988304138,2016-08-12 18:27:12,,
48.933303833,2.37782549858,22.8202781677,2016-08-12 18:33:36,,
48.9660644531,2.55852007866,63.9153709412,2016-08-12 18:42:08,,
49.0125541687,2.65468168259,90.277923584,2016-08-12 18:48:32,,
49.140586853,2.79939055443,102.803436279,2016-08-12 18:57:04,,
49.2564888,3.051872015,135.128082275,2016-08-12 19:18:24,,
49.28125,2.98568463326,120.880737305,2016-08-12 21:22:08,,
49.2504119873,3.06377911568,119.029174805,2016-08-13 09:59:28,,
49.2445793152,3.03626132011,126.039916992,2016-08-13 11:58:56,,
49.2763061523,2.99370098114,126.039916992,2016-08-13 12:52:16,,
49.2611274719,3.04335570335,124.808372498,2016-08-13 13:02:56,,
49.2719535828,2.99517846107,120.243522644,2016-08-13 14:43:12,,
49.2464637756,3.0299782753,120.243522644,2016-08-13 15:47:12,,
49.2609596252,3.04348111153,127.919952393,2016-08-13 19:07:44,,
49.2793006897,2.99028515816,122.228164673,2016-08-13 19:54:40,,
49.261089325,3.04347538948,123.354064941,2016-08-03 08:38:24,,
49.2426986694,3.03544068336,119.326812744,2016-08-14 12:13:52,,
49.2571716309,3.0173470974,119.326812744,2016-08-14 13:39:12,,
49.2542076111,3.08555221558,125.012397766,2016-08-14 17:40:16,,
49.1847724915,3.23954606056,158.653717041,2016-08-14 18:50:40,,
49.2064552307,3.13259506226,158.653717041,2016-08-14 19:09:52,,
49.1825408936,3.34280085564,158.653717041,2016-08-14 22:02:40,,
49.2425575256,3.03554463387,158.653717041,2016-08-14 22:43:12,,
49.2611312866,3.04349851608,139.280288696,2016-08-15 07:49:20,,
49.2443313599,3.03615307808,119.011962891,2016-08-15 08:08:32,,
49.2610855103,3.04347276688,119.005142212,2016-08-15 08:27:44,,
49.2452163696,3.08701562881,126.175628662,2016-08-15 08:53:20,,
49.2618331909,3.04404330254,127.618614197,2016-08-15 09:40:16,,
49.2434234619,3.03576111794,119.034561157,2016-08-15 16:51:12,,
49.2769470215,2.99369812012,119.021011353,2016-08-15 17:40:16,,
49.261100769,3.0434384346,119.100509644,2016-08-13 10:57:04,,
49.2788619995,2.992582798,121.365745544,2016-08-15 19:26:56,,
49.2403144836,3.07257127762,121.472869873,2016-08-15 20:09:36,,
49.2543869019,3.09135007858,136.350189209,2016-08-15 20:24:32,,
49.2459259033,3.03246855736,126.066093445,2016-08-16 07:36:32,,
49.240032196,3.10082650185,129.825469971,2016-08-16 08:02:08,,
49.2100830078,2.61552047729,85.2513122559,2016-08-16 08:42:40,,
49.2227363586,2.54794549942,82.749420166,2016-08-16 08:46:56,,
49.3154792786,2.44047665596,19.6316795349,2016-08-16 09:46:40,,
49.2868995667,2.46051812172,36.3470115662,2016-08-16 09:50:56,,
49.2950286865,2.9172680378,108.140045166,2016-08-16 10:52:48,,
49.2652320862,3.04561924934,132.487640381,2016-08-16 19:39:44,,
49.2811660767,2.98494505882,120.465530396,2016-08-16 21:37:04,,
49.2451095581,3.04133534431,120.023956299,2016-08-17 09:01:52,,
49.2757835388,2.99837946892,119.976074219,2016-08-17 12:26:40,,
